<?xml version="1.0" encoding="utf-8"?>
<root>
  <doclet-version-NOT-library-version>1.00</doclet-version-NOT-library-version>
  <b4x_version>10.70</b4x_version>
  <dependsOn>appcompat</dependsOn>
  <dependsOn>tabstripviewpager</dependsOn>
  <dependsOn>viewsex</dependsOn>
  <dependsOn>xui</dependsOn>
  <dependsOn>xcustomlistview</dependsOn>
  <dependsOn>com.android.support:appcompat-v7</dependsOn>
  <dependsOn>appcompat.aar</dependsOn>
  <dependsOn>com.android.support:support-v4</dependsOn>
  <dependsOn>stringutils</dependsOn>
  <dependsOn>javaobject</dependsOn>
  <dependsOn>b4xpagestemplates</dependsOn>
  <class b4a_type="Activity">
    <name>b4a.example.second</name>
    <shortname>second</shortname>
    <owner>process</owner>
    <objectwrapper>java.lang.Class</objectwrapper>
    <method>
      <name>process_globals</name>
      <returntype>void</returntype>
    </method>
  </class>
  <class>
    <name>b4a.example.b4xmainpage</name>
    <shortname>B4XMainPage</shortname>
    <owner>activity</owner>
    <method>
      <name>IsInitialized</name>
      <comment>Tests whether the object has been initialized.</comment>
      <returntype>boolean</returntype>
    </method>
    <method>
      <name DesignerName="Class_Globals">_class_globals</name>
      <returntype>String</returntype>
    </method>
    <method>
      <name DesignerName="Initialize">_initialize</name>
      <returntype>String</returntype>
      <parameter>
        <name>ba</name>
        <type>anywheresoftware.b4a.BA</type>
      </parameter>
    </method>
    <field>
      <name DesignerName="p2">_p2</name>
      <returntype>b4a.example.page2_c</returntype>
    </field>
  </class>
  <class>
    <name>b4a.example.page2_c</name>
    <shortname>page2_c</shortname>
    <owner>activity</owner>
    <method>
      <name>IsInitialized</name>
      <comment>Tests whether the object has been initialized.</comment>
      <returntype>boolean</returntype>
    </method>
    <method>
      <name DesignerName="Class_Globals">_class_globals</name>
      <returntype>String</returntype>
    </method>
    <method>
      <name DesignerName="Initialize">_initialize</name>
      <comment>You can add more parameters here.
</comment>
      <returntype>Object</returntype>
      <parameter>
        <name>ba</name>
        <type>anywheresoftware.b4a.BA</type>
      </parameter>
    </method>
  </class>
  <class>
    <name>b4a.example.tabstrip1</name>
    <shortname>TabStrip1</shortname>
    <owner>activity</owner>
    <event>ExampleEvent (Value As Int)</event>
    <designerProperty>Key: BooleanExample, DisplayName: Boolean Example, FieldType: Boolean, DefaultValue: True, Description: Example of a boolean property.</designerProperty>
    <designerProperty>Key: IntExample, DisplayName: Int Example, FieldType: Int, DefaultValue: 10, MinRange: 0, MaxRange: 100, Description: Note that MinRange and MaxRange are optional.</designerProperty>
    <designerProperty>Key: StringWithListExample, DisplayName: String With List, FieldType: String, DefaultValue: Sunday, List: Sunday|Monday|Tuesday|Wednesday|Thursday|Friday|Saturday</designerProperty>
    <designerProperty>Key: StringExample, DisplayName: String Example, FieldType: String, DefaultValue: Text</designerProperty>
    <designerProperty>Key: ColorExample, DisplayName: Color Example, FieldType: Color, DefaultValue: 0xFFCFDCDC, Description: You can use the built-in color picker to find the color values.</designerProperty>
    <designerProperty>Key: DefaultColorExample, DisplayName: Default Color Example, FieldType: Color, DefaultValue: Null, Description: Setting the default value to Null means that a nullable field will be displayed.</designerProperty>
    <method>
      <name>IsInitialized</name>
      <comment>Tests whether the object has been initialized.</comment>
      <returntype>boolean</returntype>
    </method>
    <method>
      <name DesignerName="Class_Globals">_class_globals</name>
      <returntype>String</returntype>
    </method>
    <method>
      <name DesignerName="DesignerCreateView">_designercreateview</name>
      <returntype>String</returntype>
      <parameter>
        <name>Base</name>
        <type>anywheresoftware.b4a.objects.PanelWrapper</type>
      </parameter>
      <parameter>
        <name>Lbl</name>
        <type>anywheresoftware.b4a.objects.LabelWrapper</type>
      </parameter>
      <parameter>
        <name>Props</name>
        <type>anywheresoftware.b4a.objects.collections.Map</type>
      </parameter>
    </method>
    <method>
      <name DesignerName="GetBase">_getbase</name>
      <returntype>anywheresoftware.b4a.objects.PanelWrapper</returntype>
    </method>
    <method>
      <name DesignerName="Initialize">_initialize</name>
      <returntype>String</returntype>
      <parameter>
        <name>ba</name>
        <type>anywheresoftware.b4a.BA</type>
      </parameter>
      <parameter>
        <name>Callback</name>
        <type>Object</type>
      </parameter>
      <parameter>
        <name>EventName</name>
        <type>String</type>
      </parameter>
    </method>
  </class>
  <version>1</version>
</root>